ID_UTILIZATOR,NUME,PRENUME,EMAIL,PAROLA,TIP_UTILIZATOR
0,Popescu,Andrei,andrei.popescu@learnitude.com,0ac1e749b51a70f6c17b,Elev
1,Popa,Bogdan,bogdan.popa@learnitude.com,7a3a41ed47d4d01c373a,Student
2,Andrei,Alex,alex.andrei@learnitude.com,1a03caa6f0692a5c6fa8,Profesor
3,Radu,Adrian,adrian.radu@learnitude.com,ebe23dd3306af45b6f23,Elev
4,Alexandru,Mihai,mihai.alexandru@learnitude.com,88df8bf17aaed1cbc483,Student
5,Mihai,Alexandru,alexandru.mihai@learnitude.com,2bafba6ffb799e3740d8,Profesor
6,Ionescu,Cristian,cristian.ionescu@learnitude.com,090804718249acbab0eb,Elev
7,Pop,Marius,marius.pop@learnitude.com,0ab043e96f4c8751b089,Student
8,Bogdan,Daniel,daniel.bogdan@learnitude.com,d1ca052662d90c765a32,Profesor
9,Stefan,Vlad,vlad.stefan@learnitude.com,782edfb4e082743e3b2e,Elev
10,Dumitru,Andreea,andreea.dumitru@learnitude.com,2c94becad7a4cb393893,Student
11,Constantin,Alexandra,alexandra.constantin@learnitude.com,ef26a88363b41baba3ec,Profesor
12,Nicolae,Cristina,cristina.nicolae@learnitude.com,78d4fee3d6618f595e8b,Elev
13,Ivan,Ioana,ioana.ivan@learnitude.com,db152814d462d8b72a61,Student
14,Marin,Alina,alina.marin@learnitude.com,3762b359f81c2875cae5,Profesor
15,Tudor,Mihaela,mihaela.tudor@learnitude.com,e94370a1641dd97005eb,Elev
16,Dobre,Diana,diana.dobre@learnitude.com,6f08605bbbfaf0c138e3,Student
17,Barbu,Oana,oana.barbu@learnitude.com,aa17e97f424e63ce9828,Profesor
18,Georgescu,Raluca,raluca.georgescu@learnitude.com,62bca9ca5a51d4fac6c2,Elev
19,Stan,Elena,elena.stan@learnitude.com,d11e66ef67d0fcf7e7b4,Student
20,Pavel,Gabriel,gabriel.pavel@learnitude.com,17777152784d39535ac9,Profesor
21,Voinea,Ionut,ionut.voinea@learnitude.com,1e4effd0eae77c5d9225,Elev
22,Lupu,Stefan,stefan.lupu@learnitude.com,7e1a38cf6ba84987100a,Student
23,Dragan,Nicu,nicu.dragan@learnitude.com,e4880cb22b81722a2549,Profesor
24,Dinu,Dragos,dragos.dinu@learnitude.com,e6b1eb3aa6924faea4ed,Elev
25,Dinescu,Florin,florin.dinescu@learnitude.com,2f78478edadc3a54bc7c,Student
26,Manea,George,george.manea@learnitude.com,46eddcfba54fe14ce50d,Profesor
27,Vasilescu,Iulian,iulian.vasilescu@learnitude.com,3e8ca8d008a964af91d6,Elev
28,Munteanu,Laurentiu,laurentiu.munteanu@learnitude.com,584c5d23e20fd1112267,Student
29,Serban,Marian,marian.serban@learnitude.com,4f129adb41535007d52e,Profesor
30,Albu,Anca,anca.albu@learnitude.com,3ce1e52c4b0f1f89ea0d,Elev
31,Tabacu,Bianca,bianca.tabacu@learnitude.com,13baf2d851c82613fc31,Student
32,Ciobanu,Camelia,camelia.ciobanu@learnitude.com,e033c07382d9c10cffcd,Profesor
33,Marinescu,Dana,dana.marinescu@learnitude.com,488b21d5c2f74ed14eaf,Elev
34,Ionescu,Eugenia,eugenia.ionescu@learnitude.com,5de372f6fd61633b52fb,Student
35,Petrescu,Felicia,felicia.petrescu@learnitude.com,037d847399f37878fe53,Profesor
36,Stoica,Georgeta,georgeta.stoica@learnitude.com,8129ce9954cbe6c3de2a,Elev
37,Tomescu,Horia,horia.tomescu@learnitude.com,5b0eefcb28d74680c50c,Student
38,Gheorghiu,Irina,irina.gheorghiu@learnitude.com,a14254ae620c7de46626,Profesor
39,Cristea,Larisa,larisa.cristea@learnitude.com,4e729556270c62df424e,Elev
40,Neagu,Matei,matei.neagu@learnitude.com,9eb71e441f324855e808,Student
41,Nicoara,Nicolae,nicolae.nicoara@learnitude.com,155f8486478d4655e691,Profesor
42,Iancu,Octavian,octavian.iancu@learnitude.com,33b16dd19eb69bfe5897,Elev
43,Chiriac,Paul,paul.chiriac@learnitude.com,67e16efafb52a0cb9207,Student
44,Toma,Radu,radu.toma@learnitude.com,32cedb81826760ffce12,Profesor
45,Stanciu,Sergiu,sergiu.stanciu@learnitude.com,183b503e121c080bfdf3,Elev
46,Badea,Tudor,tudor.badea@learnitude.com,884e5311bcc77159bcf6,Student
47,Nistor,Valentin,valentin.nistor@learnitude.com,351bb6fca3642738ec10,Profesor
48,Florea,Victor,victor.florea@learnitude.com,aca048140883a1f7548a,Elev
49,Frincu,Zoltan,zoltan.frincu@learnitude.com,52a8a816dd861a7070fd,Student
50,Gavrila,Aura,aura.gavrila@learnitude.com,039ec4570223895a83e8,Profesor
51,Marcu,Claudia,claudia.marcu@learnitude.com,2268f94567a7666389b6,Elev
52,Ciucu,Dorina,dorina.ciucu@learnitude.com,a66ce1727400ecff8a5f,Student
53,Vlad,Elisabeta,elisabeta.vlad@learnitude.com,d5ab855d773ec3a85448,Profesor
54,Gheorghe,Florentina,florentina.gheorghe@learnitude.com,c54da2909de27ef49ba2,Elev
55,Luca,Gabriela,gabriela.luca@learnitude.com,7c450c6c59c6ee0db535,Student
56,Moldovan,Henrietta,henrietta.moldovan@learnitude.com,2708d88742315f216a45,Profesor
57,Albulescu,Ileana,ileana.albulescu@learnitude.com,307a95af95cf491866ac,Elev
58,Banica,Julia,julia.banica@learnitude.com,39d5865288930a9aeccf,Student
59,Bejan,Klara,klara.bejan@learnitude.com,0076eeccdb7e2614adb2,Profesor
60,Carp,Liviu,liviu.carp@learnitude.com,522de4e9ade6cd9e6cfe,Elev
61,Dan,Mircea,mircea.dan@learnitude.com,0106c23464e5bcffe84e,Student
62,Dragomir,Norbert,norbert.dragomir@learnitude.com,4d43534c665b76a8351f,Profesor
63,Dumitrache,Ovidiu,ovidiu.dumitrache@learnitude.com,b0054679d7b02c642475,Elev
64,Enache,Petru,petru.enache@learnitude.com,fe8797623604e5a8a195,Student
65,Fieraru,Razvan,razvan.fieraru@learnitude.com,48b9b4fea799147dc23c,Profesor
66,Galan,Silviu,silviu.galan@learnitude.com,f830754c89ba68863605,Elev
67,Hagi,Teodor,teodor.hagi@learnitude.com,92ee6098beaa8122b49e,Student
68,Ilie,Vasile,vasile.ilie@learnitude.com,f8659e422518a27e6263,Profesor
69,Jordan,Virgil,virgil.jordan@learnitude.com,de4cf0615e058b0f77ee,Elev
70,Kovacs,Amalia,amalia.kovacs@learnitude.com,bbbff113e2f247129773,Student
71,Lazar,Beatrice,beatrice.lazar@learnitude.com,762a53d7e3d7e5045ca4,Profesor
72,Macedon,Catalina,catalina.macedon@learnitude.com,d4be6d6cc5e7c0b9af1a,Elev
73,Nae,Delia,delia.nae@learnitude.com,bd8c07c05f13a7430ead,Student
74,Oprea,Elena,elena.oprea@learnitude.com,6c712bfd6248a9d68ed9,Profesor
75,Pirvu,Francesca,francesca.pirvu@learnitude.com,c93b972afe390ca6af7f,Elev
76,Rusu,Gloria,gloria.rusu@learnitude.com,c1f6b388d9dfd43f9810,Student
77,Sandu,Helena,helena.sandu@learnitude.com,b42535fc9b37931881fe,Profesor
78,Simion,Ingrid,ingrid.simion@learnitude.com,945a19269fa6bb647f84,Elev
79,Tataru,Joana,joana.tataru@learnitude.com,d88483f02dcdd2e7b240,Student
80,Ungureanu,Livia,livia.ungureanu@learnitude.com,918967f82e4755581f29,Profesor
81,Varga,Monica,monica.varga@learnitude.com,1d01d32f07cb0df904cc,Elev
82,Vladimirescu,Nadia,nadia.vladimirescu@learnitude.com,ccbe1e50e655bcdc34a3,Student
83,Zaharia,Otilia,otilia.zaharia@learnitude.com,9fda9d1cd61a2e46f1d1,Profesor
84,Balint,Patricia,patricia.balint@learnitude.com,7d4114e77450e31bdf73,Elev
85,Cernat,Rebeca,rebeca.cernat@learnitude.com,f25df646fbb1133d1b03,Student
86,Damian,Sonia,sonia.damian@learnitude.com,74c6011d9800e56bf1bc,Profesor
87,Ene,Tania,tania.ene@learnitude.com,610116607c6bcb7fff5d,Elev
88,Farcas,Valeria,valeria.farcas@learnitude.com,970812e1514c9c59eb96,Student
89,Grosu,Violeta,violeta.grosu@learnitude.com,40e2bb57d94cfa337bbf,Profesor
90,Horvat,Aurel,aurel.horvat@learnitude.com,d7aecd7acbf8e191f4c1,Elev
91,Iacob,Cosmin,cosmin.iacob@learnitude.com,68ae5b2036723bc492a7,Student
92,Jurca,Dumitru,dumitru.jurca@learnitude.com,4d2f52a61da2ee1514b5,Profesor
93,Kiss,Emil,emil.kiss@learnitude.com,81ec2bb460e22322a41a,Elev
94,Lungu,Felix,felix.lungu@learnitude.com,3ea9dfb4cd8f7ee54712,Student
95,Man,Grigore,grigore.man@learnitude.com,4ba72d86c2d1f6e222ab,Profesor
96,Negoi,Horia,horia.negoi@learnitude.com,9ee4ded6b1c66a73c8a6,Elev
97,Olariu,Iosif,iosif.olariu@learnitude.com,2996a01590b9d0300288,Student
98,Petru,Jean,jean.petru@learnitude.com,4d3e3fec40ded8ad6c38,Profesor
99,Raileanu,Karl,karl.raileanu@learnitude.com,f04ee7b8aa5d08d978ac,Elev